[
    {
        "id": 1,
        "text": "Дизайн впечатляет своей оригинальностью и вниманием к деталям. Особенно нравится гармоничное сочетание цветов и продуманная компоновка элементов, создающие целостный образ. Отличная идея и её качественная реализация делают проект привлекательным и функциональным.",
        "name": "Прекрасный дизайн!",
        "design": {
            "id": 1,
            "cover": "https://cdn.theanimegallery.com/theanimegallery/0b8c9a1a-f67c-4a43-8bb6-7817dfcfbbea-dark-anime-wallpaper-4k.webp",
            "author": "user",
            "tags": [
                "tag1",
                "tag2"
            ]
        },
        "author": {
            "id": 54,
            "username": "tester",
            "image": "https://cdn-icons-png.flaticon.com/512/3135/3135715.png",
            "verify": true
        },
        "date": "24.02.2022",
        "rate": {
            "T": 10,
            "V": 10,
            "D": 10,
            "C": 10,
            "OC": 5,
            "TI": 5,
            "total": 90
        }
    },
    {
        "id": 2,
        "text": "Дизайн впечатляет своей оригинальностью и вниманием к деталям. Особенно нравится гармоничное сочетание цветов и продуманная компоновка элементов, создающие целостный образ. Отличная идея и её качественная реализация делают проект привлекательным и функциональным.",
        "name": "Дизайн шедевр!",
        "design": {
            "id": 9,
            "cover": "https://wallpapercat.com/w/full/1/d/3/5818397.jpg",
            "author": "user",
            "tags": [
                "art",
                "3d",
                "design",
                "super",
                "sigma",
                "bebra"
            ]
        },
        "author": {
            "id": 21,
            "username": "test_user",
            "image": "https://cdn-icons-png.flaticon.com/512/3135/3135715.png",
            "verify": true
        },
        "date": "24.02.2022",
        "rate": {
            "T": 7,
            "V": 5,
            "D": 9,
            "C": 4,
            "OC": 4,
            "TI": 4,
            "total": 69
        }
    },
    {
        "id": 3,
        "text": "Дизайн впечатляет своей оригинальностью и вниманием к деталям. Особенно нравится гармоничное сочетание цветов и продуманная компоновка элементов, создающие целостный образ. Отличная идея и её качественная реализация делают проект привлекательным и функциональным.",
        "name": "Крутой дизайн!",
        "design": {
            "id": 2,
            "cover": "https://plus.unsplash.com/premium_photo-1686729237226-0f2edb1e8970?fm=jpg&q=60&w=3000&ixlib=rb-4.0.3&ixid=M3wxMjA3fDB8MHxzZWFyY2h8NXx8d2FsbHBhcGVyfGVufDB8fDB8fHww",
            "author": "unknown",
            "tags": [
                "tag1",
                "3d"
            ]
        },
        "author": {
            "id": 67,
            "username": "USERRR",
            "image": "https://cdn-icons-png.flaticon.com/512/3135/3135715.png",
            "verify": false
        },
        "date": "24.02.2022",
        "rate": {
            "T": 7,
            "V": 5,
            "D": 3,
            "C": 4,
            "OC": 7,
            "TI": 4,
            "total": 58
        }
    },
    {
        "id": 4,
        "text": "Дизайн демонстрирует оригинаа. Отличные идеи и их качественное воплощение делают этот проект привлекательным и функциональным.",
        "name": "Офигенный дизайн!",
        "design": {
            "id": 1,
            "cover": "https://cdn.theanimegallery.com/theanimegallery/0b8c9a1a-f67c-4a43-8bb6-7817dfcfbbea-dark-anime-wallpaper-4k.webp",
            "author": "test_user",
            "tags": [
                "tag1",
                "tag2"
            ]
        },
        "author": {
            "id": 99,
            "username": "zhmyxh",
            "image": "https://cdn-icons-png.flaticon.com/512/3135/3135715.png",
            "verify": true
        },
        "date": "24.02.2022",
        "rate": {
            "T": 8,
            "V": 5,
            "D": 8,
            "C": 4,
            "OC": 6,
            "TI": 4,
            "total": 66
        }
    },

    {
        "id": 2,
        "text": "Дизайн впечатляет своей оригинальностью и вниманием к деталям. Особенно нравится гармоничное сочетание цветов и продуманная компоновка элементов, создающие целостный образ. Отличная идея и её качественная реализация делают проект привлекательным и функциональным.",
        "name": "Дизайн шедевр!",
        "design": {
            "id": 9,
            "cover": "https://wallpapercat.com/w/full/1/d/3/5818397.jpg",
            "author": "user",
            "tags": [
                "art",
                "3d",
                "design",
                "super",
                "sigma",
                "bebra"
            ]
        },
        "author": {
            "id": 21,
            "username": "test_user",
            "image": "https://cdn-icons-png.flaticon.com/512/3135/3135715.png",
            "verify": true
        },
        "date": "24.02.2022",
        "rate": {
            "T": 7,
            "V": 5,
            "D": 9,
            "C": 4,
            "OC": 4,
            "TI": 4,
            "total": 69
        }
    },

    {
        "id": 2,
        "text": "Дизайн впечатляет своей оригинальностью и вниманием к деталям. Особенно нравится гармоничное сочетание цветов и продуманная компоновка элементов, создающие целостный образ. Отличная идея и её качественная реализация делают проект привлекательным и функциональным.",
        "name": "Дизайн шедевр!",
        "design": {
            "id": 9,
            "cover": "https://wallpapercat.com/w/full/1/d/3/5818397.jpg",
            "author": "user",
            "tags": [
                "art",
                "3d",
                "design",
                "super",
                "sigma",
                "bebra"
            ]
        },
        "author": {
            "id": 21,
            "username": "test_user",
            "image": "https://cdn-icons-png.flaticon.com/512/3135/3135715.png",
            "verify": true
        },
        "date": "24.02.2022",
        "rate": {
            "T": 7,
            "V": 5,
            "D": 9,
            "C": 4,
            "OC": 4,
            "TI": 4,
            "total": 69
        }
    },

    {
        "id": 2,
        "text": "Дизайн впечатляет своей оригинальностью и вниманием к деталям. Особенно нравится гармоничное сочетание цветов и продуманная компоновка элементов, создающие целостный образ. Отличная идея и её качественная реализация делают проект привлекательным и функциональным.",
        "name": "Дизайн шедевр!",
        "design": {
            "id": 9,
            "cover": "https://wallpapercat.com/w/full/1/d/3/5818397.jpg",
            "author": "user",
            "tags": [
                "art",
                "3d",
                "design",
                "super",
                "sigma",
                "bebra"
            ]
        },
        "author": {
            "id": 21,
            "username": "test_user",
            "image": "https://cdn-icons-png.flaticon.com/512/3135/3135715.png",
            "verify": true
        },
        "date": "24.02.2022",
        "rate": {
            "T": 7,
            "V": 5,
            "D": 9,
            "C": 4,
            "OC": 4,
            "TI": 4,
            "total": 69
        }
    },

    {
        "id": 2,
        "text": "Дизайн впечатляет своей оригинальностью и вниманием к деталям. Особенно нравится гармоничное сочетание цветов и продуманная компоновка элементов, создающие целостный образ. Отличная идея и её качественная реализация делают проект привлекательным и функциональным.",
        "name": "Дизайн шедевр!",
        "design": {
            "id": 9,
            "cover": "https://wallpapercat.com/w/full/1/d/3/5818397.jpg",
            "author": "user",
            "tags": [
                "art",
                "3d",
                "design",
                "super",
                "sigma",
                "bebra"
            ]
        },
        "author": {
            "id": 21,
            "username": "test_user",
            "image": "https://cdn-icons-png.flaticon.com/512/3135/3135715.png",
            "verify": true
        },
        "date": "24.02.2022",
        "rate": {
            "T": 7,
            "V": 5,
            "D": 9,
            "C": 4,
            "OC": 4,
            "TI": 4,
            "total": 69
        }
    }
]